<?xml version="1.0" encoding="utf-8" ?><dwsync><file name="cp1250.map" server="6ad.311.myftpupload.com" local="3474062548" remote="12092588012" Dst="-1" /><file name="adobe-standard-encoding.map" server="6ad.311.myftpupload.com" local="3474062548" remote="12092588012" Dst="-1" /><file name="cp1252.map" server="6ad.311.myftpupload.com" local="3474062548" remote="12092588012" Dst="-1" /><file name="cp1251.map" server="6ad.311.myftpupload.com" local="3474062548" remote="12092588012" Dst="-1" /><file name="cp1253.map" server="6ad.311.myftpupload.com" local="3474062548" remote="12092588012" Dst="-1" /><file name="cp1255.map" server="6ad.311.myftpupload.com" local="3474062548" remote="12092588012" Dst="-1" /><file name="cp1257.map" server="6ad.311.myftpupload.com" local="3474062548" remote="12092588012" Dst="-1" /><file name="cp1254.map" server="6ad.311.myftpupload.com" local="3474062548" remote="12092588012" Dst="-1" /><file name="cp874.map" server="6ad.311.myftpupload.com" local="3474062548" remote="12092588072" Dst="-1" /><file name="iso-8859-1.map" server="6ad.311.myftpupload.com" local="3474062548" remote="12092588072" Dst="-1" /><file name="cp1258.map" server="6ad.311.myftpupload.com" local="3474062548" remote="12092588072" Dst="-1" /><file name="iso-8859-11.map" server="6ad.311.myftpupload.com" local="3474062548" remote="12092588072" Dst="-1" /><file name="iso-8859-15.map" server="6ad.311.myftpupload.com" local="3474062548" remote="12092588072" Dst="-1" /><file name="iso-8859-16.map" server="6ad.311.myftpupload.com" local="3474062548" remote="12092588072" Dst="-1" /><file name="iso-8859-2.map" server="6ad.311.myftpupload.com" local="3474062548" remote="12092588072" Dst="-1" /><file name="iso-8859-4.map" server="6ad.311.myftpupload.com" local="3474062548" remote="12092588072" Dst="-1" /><file name="iso-8859-5.map" server="6ad.311.myftpupload.com" local="3474062548" remote="12092588072" Dst="-1" /><file name="iso-8859-7.map" server="6ad.311.myftpupload.com" local="3474062548" remote="12092588072" Dst="-1" /><file name="iso-8859-9.map" server="6ad.311.myftpupload.com" local="3474062548" remote="12092588072" Dst="-1" /><file name="koi8-r.map" server="6ad.311.myftpupload.com" local="3474062548" remote="12092588072" Dst="-1" /><file name="koi8-u.map" server="6ad.311.myftpupload.com" local="3474062548" remote="12092588072" Dst="-1" /></dwsync>