<?xml version="1.0" encoding="utf-8" ?><dwsync><file name="ui-bg_diagonals-thick_18_b81900_40x40.png" server="6ad.311.myftpupload.com" local="3474062548" remote="12092588072" Dst="-1" /><file name="ui-bg_diagonals-thick_20_666666_40x40.png" server="6ad.311.myftpupload.com" local="3474062548" remote="12092588072" Dst="-1" /><file name="ui-bg_flat_10_000000_40x100.png" server="6ad.311.myftpupload.com" local="3474062548" remote="12092588072" Dst="-1" /><file name="ui-bg_glass_100_f6f6f6_1x400.png" server="6ad.311.myftpupload.com" local="3474062548" remote="12092588072" Dst="-1" /><file name="ui-bg_glass_100_fdf5ce_1x400.png" server="6ad.311.myftpupload.com" local="3474062548" remote="12092588072" Dst="-1" /><file name="ui-bg_glass_65_ffffff_1x400.png" server="6ad.311.myftpupload.com" local="3474062548" remote="12092588072" Dst="-1" /><file name="ui-bg_gloss-wave_35_f6a828_500x100.png" server="6ad.311.myftpupload.com" local="3474062548" remote="12092588072" Dst="-1" /><file name="ui-icons_222222_256x240.png" server="6ad.311.myftpupload.com" local="3474062548" remote="12092588072" Dst="-1" /><file name="ui-bg_highlight-soft_100_eeeeee_1x100.png" server="6ad.311.myftpupload.com" local="3474062548" remote="12092588072" Dst="-1" /><file name="ui-bg_highlight-soft_75_ffe45c_1x100.png" server="6ad.311.myftpupload.com" local="3474062548" remote="12092588072" Dst="-1" /><file name="ui-icons_228ef1_256x240.png" server="6ad.311.myftpupload.com" local="3474062548" remote="12092588072" Dst="-1" /><file name="ui-icons_ef8c08_256x240.png" server="6ad.311.myftpupload.com" local="3474062548" remote="12092588072" Dst="-1" /><file name="ui-icons_ffd27a_256x240.png" server="6ad.311.myftpupload.com" local="3474062548" remote="12092588072" Dst="-1" /><file name="ui-icons_ffffff_256x240.png" server="6ad.311.myftpupload.com" local="3474062548" remote="12092588072" Dst="-1" /></dwsync>