<?xml version="1.0" encoding="utf-8" ?><dwsync><file name="controller.php" server="6ad.311.myftpupload.com" local="3484386874" remote="12092588072" Dst="-1" /><file name="debugger.php" server="6ad.311.myftpupload.com" local="3484386874" remote="12092588132" Dst="-1" /><file name="demo.php" server="6ad.311.myftpupload.com" local="3484386874" remote="12092588132" Dst="-1" /><file name="examples.php" server="6ad.311.myftpupload.com" local="3484386874" remote="12092588132" Dst="-1" /><file name="fonts.php" server="6ad.311.myftpupload.com" local="3484386874" remote="12092588132" Dst="-1" /><file name="foot.inc" server="6ad.311.myftpupload.com" local="3484386874" remote="12092588132" Dst="-1" /><file name="functions.inc.php" server="6ad.311.myftpupload.com" local="3484386874" remote="12092588132" Dst="-1" /><file name="head.inc" server="6ad.311.myftpupload.com" local="3484386874" remote="12092588132" Dst="-1" /><file name="index.php" server="6ad.311.myftpupload.com" local="3484386874" remote="12092588132" Dst="-1" /><file name="setup.php" server="6ad.311.myftpupload.com" local="3484386874" remote="12092588132" Dst="-1" /><file name="style.css" server="6ad.311.myftpupload.com" local="3484386874" remote="12092588132" Dst="-1" /><file name="jquery-1.4.2.js" server="6ad.311.myftpupload.com" local="3484386874" remote="12092588132" Dst="-1" /></dwsync>