<?xml version="1.0" encoding="utf-8" ?><dwsync><file name="Courier-Bold.afm" server="6ad.311.myftpupload.com" local="3484386874" remote="12092587712" Dst="-1" /><file name="Courier-BoldOblique.afm" server="6ad.311.myftpupload.com" local="3484386874" remote="12092587712" Dst="-1" /><file name="Courier-Oblique.afm" server="6ad.311.myftpupload.com" local="3484386874" remote="12092587712" Dst="-1" /><file name="Courier.afm" server="6ad.311.myftpupload.com" local="3484386874" remote="12092587712" Dst="-1" /><file name="DejaVuSans-Bold.ufm" server="6ad.311.myftpupload.com" local="3484386874" remote="12092587712" Dst="-1" /><file name="DejaVuSans-BoldOblique.ufm" server="6ad.311.myftpupload.com" local="3484386874" remote="12092587712" Dst="-1" /><file name="DejaVuSans-BoldOblique.ttf" server="6ad.311.myftpupload.com" local="3484386874" remote="12092587712" Dst="-1" /><file name="DejaVuSans-Bold.ttf" server="6ad.311.myftpupload.com" local="3484386874" remote="12092587712" Dst="-1" /><file name="DejaVuSans-ExtraLight.ttf" server="6ad.311.myftpupload.com" local="3484386874" remote="12092587772" Dst="-1" /><file name="DejaVuSans-ExtraLight.ufm" server="6ad.311.myftpupload.com" local="3484386874" remote="12092587772" Dst="-1" /><file name="DejaVuSans-Oblique.ufm" server="6ad.311.myftpupload.com" local="3484386874" remote="12092587772" Dst="-1" /><file name="DejaVuSans-Oblique.ttf" server="6ad.311.myftpupload.com" local="3484386874" remote="12092587772" Dst="-1" /><file name="DejaVuSans.ufm" server="6ad.311.myftpupload.com" local="3484386874" remote="12092587772" Dst="-1" /><file name="DejaVuSans.ttf" server="6ad.311.myftpupload.com" local="3484386874" remote="12092587772" Dst="-1" /><file name="DejaVuSansCondensed-Bold.ufm" server="6ad.311.myftpupload.com" local="3484386874" remote="12092587772" Dst="-1" /><file name="DejaVuSansCondensed-BoldOblique.ufm" server="6ad.311.myftpupload.com" local="3484386874" remote="12092587772" Dst="-1" /><file name="DejaVuSansCondensed-Bold.ttf" server="6ad.311.myftpupload.com" local="3484386874" remote="12092587772" Dst="-1" /><file name="DejaVuSansCondensed-BoldOblique.ttf" server="6ad.311.myftpupload.com" local="3484386874" remote="12092587772" Dst="-1" /><file name="DejaVuSansCondensed-Oblique.ufm" server="6ad.311.myftpupload.com" local="3484386874" remote="12092587832" Dst="-1" /><file name="DejaVuSansCondensed.ufm" server="6ad.311.myftpupload.com" local="3484386874" remote="12092587832" Dst="-1" /><file name="DejaVuSansCondensed-Oblique.ttf" server="6ad.311.myftpupload.com" local="3484386874" remote="12092587832" Dst="-1" /><file name="DejaVuSansMono-Bold.ufm" server="6ad.311.myftpupload.com" local="3484386874" remote="12092587832" Dst="-1" /><file name="DejaVuSansMono-Bold.ttf" server="6ad.311.myftpupload.com" local="3484386874" remote="12092587832" Dst="-1" /><file name="DejaVuSansCondensed.ttf" server="6ad.311.myftpupload.com" local="3484386874" remote="12092587832" Dst="-1" /><file name="DejaVuSansMono-BoldOblique.ttf" server="6ad.311.myftpupload.com" local="3484386874" remote="12092587832" Dst="-1" /><file name="DejaVuSansMono-BoldOblique.ufm" server="6ad.311.myftpupload.com" local="3484386874" remote="12092587832" Dst="-1" /><file name="DejaVuSansMono-Oblique.ufm" server="6ad.311.myftpupload.com" local="3484386874" remote="12092587832" Dst="-1" /><file name="DejaVuSansMono-Oblique.ttf" server="6ad.311.myftpupload.com" local="3484386874" remote="12092587832" Dst="-1" /><file name="DejaVuSansMono.ufm" server="6ad.311.myftpupload.com" local="3484386874" remote="12092587832" Dst="-1" /><file name="DejaVuSansMono.ttf" server="6ad.311.myftpupload.com" local="3484386874" remote="12092587832" Dst="-1" /><file name="DejaVuSerif-Bold.ufm" server="6ad.311.myftpupload.com" local="3484386874" remote="12092587832" Dst="-1" /><file name="DejaVuSerif-Bold.ttf" server="6ad.311.myftpupload.com" local="3484386874" remote="12092587832" Dst="-1" /><file name="DejaVuSerif-BoldItalic.ufm" server="6ad.311.myftpupload.com" local="3484386874" remote="12092587832" Dst="-1" /><file name="DejaVuSerif-BoldItalic.ttf" server="6ad.311.myftpupload.com" local="3484386874" remote="12092587892" Dst="-1" /><file name="DejaVuSerif-Italic.ufm" server="6ad.311.myftpupload.com" local="3484386874" remote="12092587892" Dst="-1" /><file name="DejaVuSerif-Italic.ttf" server="6ad.311.myftpupload.com" local="3484386874" remote="12092587892" Dst="-1" /><file name="DejaVuSerif.ufm" server="6ad.311.myftpupload.com" local="3484386874" remote="12092587892" Dst="-1" /><file name="DejaVuSerif.ttf" server="6ad.311.myftpupload.com" local="3484386874" remote="12092587892" Dst="-1" /><file name="DejaVuSerifCondensed-Bold.ufm" server="6ad.311.myftpupload.com" local="3484386874" remote="12092587892" Dst="-1" /><file name="DejaVuSerifCondensed-Bold.ttf" server="6ad.311.myftpupload.com" local="3484386874" remote="12092587892" Dst="-1" /><file name="DejaVuSerifCondensed-BoldItalic.ufm" server="6ad.311.myftpupload.com" local="3484386874" remote="12092587892" Dst="-1" /><file name="DejaVuSerifCondensed-BoldItalic.ttf" server="6ad.311.myftpupload.com" local="3484386874" remote="12092587892" Dst="-1" /><file name="DejaVuSerifCondensed-Italic.ufm" server="6ad.311.myftpupload.com" local="3484386874" remote="12092587892" Dst="-1" /><file name="DejaVuSerifCondensed-Italic.ttf" server="6ad.311.myftpupload.com" local="3484386874" remote="12092587892" Dst="-1" /><file name="DejaVuSerifCondensed.ufm" server="6ad.311.myftpupload.com" local="3484386874" remote="12092587892" Dst="-1" /><file name="dompdf_font_family_cache.dist.php" server="6ad.311.myftpupload.com" local="3484386874" remote="12092587892" Dst="-1" /><file name="Helvetica-Bold.afm" server="6ad.311.myftpupload.com" local="3484386874" remote="12092587892" Dst="-1" /><file name="DejaVuSerifCondensed.ttf" server="6ad.311.myftpupload.com" local="3484386874" remote="12092587892" Dst="-1" /><file name="Helvetica-BoldOblique.afm" server="6ad.311.myftpupload.com" local="3484386874" remote="12092587892" Dst="-1" /><file name="Helvetica-Oblique.afm" server="6ad.311.myftpupload.com" local="3484386874" remote="12092587952" Dst="-1" /><file name="Helvetica.afm" server="6ad.311.myftpupload.com" local="3484386874" remote="12092587952" Dst="-1" /><file name="mustRead.html" server="6ad.311.myftpupload.com" local="3484386874" remote="12092587952" Dst="-1" /><file name="Symbol.afm" server="6ad.311.myftpupload.com" local="3484386874" remote="12092587952" Dst="-1" /><file name="Times-Bold.afm" server="6ad.311.myftpupload.com" local="3484386874" remote="12092587952" Dst="-1" /><file name="Times-BoldItalic.afm" server="6ad.311.myftpupload.com" local="3484386874" remote="12092587952" Dst="-1" /><file name="Times-Italic.afm" server="6ad.311.myftpupload.com" local="3484386874" remote="12092587952" Dst="-1" /><file name="ZapfDingbats.afm" server="6ad.311.myftpupload.com" local="3484386874" remote="12092587952" Dst="-1" /><file name="Times-Roman.afm" server="6ad.311.myftpupload.com" local="3484386874" remote="12092587952" Dst="-1" /></dwsync>